<?xml version="1.0" encoding="UTF-8"?>
<root>
  <item name="android.app.usage.NetworkStats.Bucket int getRoaming()">
    <annotation name="android.support.annotation.IntDef">
      <val name="value" val="{android.app.usage.NetworkStats.Bucket.ROAMING_ALL, android.app.usage.NetworkStats.Bucket.ROAMING_NO, android.app.usage.NetworkStats.Bucket.ROAMING_YES}" />
    </annotation>
  </item>
  <item name="android.app.usage.NetworkStats.Bucket int getState()">
    <annotation name="android.support.annotation.IntDef">
      <val name="value" val="{android.app.usage.NetworkStats.Bucket.STATE_ALL, android.app.usage.NetworkStats.Bucket.STATE_DEFAULT, android.app.usage.NetworkStats.Bucket.STATE_FOREGROUND}" />
    </annotation>
  </item>
  <item name="android.app.usage.NetworkStatsManager void registerUsageCallback(int, java.lang.String, long, android.app.usage.NetworkStatsManager.UsageCallback, android.os.Handler) 4">
    <annotation name="android.support.annotation.Nullable" />
  </item>
</root>

