<?xml version="1.0" encoding="UTF-8"?>
<root>
  <item name="android.content.ContentProvider android.content.ContentProviderResult[] applyBatch(java.util.ArrayList&lt;android.content.ContentProviderOperation&gt;)">
    <annotation name="android.support.annotation.NonNull" />
  </item>
  <item name="android.content.ContentProvider android.content.ContentProviderResult[] applyBatch(java.util.ArrayList&lt;android.content.ContentProviderOperation&gt;) 0">
    <annotation name="android.support.annotation.NonNull" />
  </item>
  <item name="android.content.ContentProvider android.content.Context getContext()">
    <annotation name="android.support.annotation.Nullable" />
  </item>
  <item name="android.content.ContentProvider android.content.pm.PathPermission[] getPathPermissions()">
    <annotation name="android.support.annotation.Nullable" />
  </item>
  <item name="android.content.ContentProvider android.content.res.AssetFileDescriptor openAssetFile(android.net.Uri, java.lang.String)">
    <annotation name="android.support.annotation.Nullable" />
  </item>
  <item name="android.content.ContentProvider android.content.res.AssetFileDescriptor openAssetFile(android.net.Uri, java.lang.String) 0">
    <annotation name="android.support.annotation.NonNull" />
  </item>
  <item name="android.content.ContentProvider android.content.res.AssetFileDescriptor openAssetFile(android.net.Uri, java.lang.String) 1">
    <annotation name="android.support.annotation.NonNull" />
  </item>
  <item name="android.content.ContentProvider android.content.res.AssetFileDescriptor openAssetFile(android.net.Uri, java.lang.String, android.os.CancellationSignal)">
    <annotation name="android.support.annotation.Nullable" />
  </item>
  <item name="android.content.ContentProvider android.content.res.AssetFileDescriptor openAssetFile(android.net.Uri, java.lang.String, android.os.CancellationSignal) 0">
    <annotation name="android.support.annotation.NonNull" />
  </item>
  <item name="android.content.ContentProvider android.content.res.AssetFileDescriptor openAssetFile(android.net.Uri, java.lang.String, android.os.CancellationSignal) 1">
    <annotation name="android.support.annotation.NonNull" />
  </item>
  <item name="android.content.ContentProvider android.content.res.AssetFileDescriptor openAssetFile(android.net.Uri, java.lang.String, android.os.CancellationSignal) 2">
    <annotation name="android.support.annotation.Nullable" />
  </item>
  <item name="android.content.ContentProvider android.content.res.AssetFileDescriptor openTypedAssetFile(android.net.Uri, java.lang.String, android.os.Bundle)">
    <annotation name="android.support.annotation.Nullable" />
  </item>
  <item name="android.content.ContentProvider android.content.res.AssetFileDescriptor openTypedAssetFile(android.net.Uri, java.lang.String, android.os.Bundle) 0">
    <annotation name="android.support.annotation.NonNull" />
  </item>
  <item name="android.content.ContentProvider android.content.res.AssetFileDescriptor openTypedAssetFile(android.net.Uri, java.lang.String, android.os.Bundle) 1">
    <annotation name="android.support.annotation.NonNull" />
  </item>
  <item name="android.content.ContentProvider android.content.res.AssetFileDescriptor openTypedAssetFile(android.net.Uri, java.lang.String, android.os.Bundle) 2">
    <annotation name="android.support.annotation.Nullable" />
  </item>
  <item name="android.content.ContentProvider android.content.res.AssetFileDescriptor openTypedAssetFile(android.net.Uri, java.lang.String, android.os.Bundle, android.os.CancellationSignal)">
    <annotation name="android.support.annotation.Nullable" />
  </item>
  <item name="android.content.ContentProvider android.content.res.AssetFileDescriptor openTypedAssetFile(android.net.Uri, java.lang.String, android.os.Bundle, android.os.CancellationSignal) 0">
    <annotation name="android.support.annotation.NonNull" />
  </item>
  <item name="android.content.ContentProvider android.content.res.AssetFileDescriptor openTypedAssetFile(android.net.Uri, java.lang.String, android.os.Bundle, android.os.CancellationSignal) 1">
    <annotation name="android.support.annotation.NonNull" />
  </item>
  <item name="android.content.ContentProvider android.content.res.AssetFileDescriptor openTypedAssetFile(android.net.Uri, java.lang.String, android.os.Bundle, android.os.CancellationSignal) 2">
    <annotation name="android.support.annotation.Nullable" />
  </item>
  <item name="android.content.ContentProvider android.content.res.AssetFileDescriptor openTypedAssetFile(android.net.Uri, java.lang.String, android.os.Bundle, android.os.CancellationSignal) 3">
    <annotation name="android.support.annotation.Nullable" />
  </item>
  <item name="android.content.ContentProvider android.database.Cursor query(android.net.Uri, java.lang.String[], java.lang.String, java.lang.String[], java.lang.String)">
    <annotation name="android.support.annotation.Nullable" />
  </item>
  <item name="android.content.ContentProvider android.database.Cursor query(android.net.Uri, java.lang.String[], java.lang.String, java.lang.String[], java.lang.String) 0">
    <annotation name="android.support.annotation.NonNull" />
  </item>
  <item name="android.content.ContentProvider android.database.Cursor query(android.net.Uri, java.lang.String[], java.lang.String, java.lang.String[], java.lang.String) 1">
    <annotation name="android.support.annotation.Nullable" />
  </item>
  <item name="android.content.ContentProvider android.database.Cursor query(android.net.Uri, java.lang.String[], java.lang.String, java.lang.String[], java.lang.String) 2">
    <annotation name="android.support.annotation.Nullable" />
  </item>
  <item name="android.content.ContentProvider android.database.Cursor query(android.net.Uri, java.lang.String[], java.lang.String, java.lang.String[], java.lang.String) 3">
    <annotation name="android.support.annotation.Nullable" />
  </item>
  <item name="android.content.ContentProvider android.database.Cursor query(android.net.Uri, java.lang.String[], java.lang.String, java.lang.String[], java.lang.String) 4">
    <annotation name="android.support.annotation.Nullable" />
  </item>
  <item name="android.content.ContentProvider android.database.Cursor query(android.net.Uri, java.lang.String[], java.lang.String, java.lang.String[], java.lang.String, android.os.CancellationSignal)">
    <annotation name="android.support.annotation.Nullable" />
  </item>
  <item name="android.content.ContentProvider android.database.Cursor query(android.net.Uri, java.lang.String[], java.lang.String, java.lang.String[], java.lang.String, android.os.CancellationSignal) 0">
    <annotation name="android.support.annotation.NonNull" />
  </item>
  <item name="android.content.ContentProvider android.database.Cursor query(android.net.Uri, java.lang.String[], java.lang.String, java.lang.String[], java.lang.String, android.os.CancellationSignal) 1">
    <annotation name="android.support.annotation.Nullable" />
  </item>
  <item name="android.content.ContentProvider android.database.Cursor query(android.net.Uri, java.lang.String[], java.lang.String, java.lang.String[], java.lang.String, android.os.CancellationSignal) 2">
    <annotation name="android.support.annotation.Nullable" />
  </item>
  <item name="android.content.ContentProvider android.database.Cursor query(android.net.Uri, java.lang.String[], java.lang.String, java.lang.String[], java.lang.String, android.os.CancellationSignal) 3">
    <annotation name="android.support.annotation.Nullable" />
  </item>
  <item name="android.content.ContentProvider android.database.Cursor query(android.net.Uri, java.lang.String[], java.lang.String, java.lang.String[], java.lang.String, android.os.CancellationSignal) 4">
    <annotation name="android.support.annotation.Nullable" />
  </item>
  <item name="android.content.ContentProvider android.database.Cursor query(android.net.Uri, java.lang.String[], java.lang.String, java.lang.String[], java.lang.String, android.os.CancellationSignal) 5">
    <annotation name="android.support.annotation.Nullable" />
  </item>
  <item name="android.content.ContentProvider android.net.Uri canonicalize(android.net.Uri)">
    <annotation name="android.support.annotation.Nullable" />
  </item>
  <item name="android.content.ContentProvider android.net.Uri canonicalize(android.net.Uri) 0">
    <annotation name="android.support.annotation.NonNull" />
  </item>
  <item name="android.content.ContentProvider android.net.Uri insert(android.net.Uri, android.content.ContentValues)">
    <annotation name="android.support.annotation.Nullable" />
  </item>
  <item name="android.content.ContentProvider android.net.Uri insert(android.net.Uri, android.content.ContentValues) 0">
    <annotation name="android.support.annotation.NonNull" />
  </item>
  <item name="android.content.ContentProvider android.net.Uri insert(android.net.Uri, android.content.ContentValues) 1">
    <annotation name="android.support.annotation.Nullable" />
  </item>
  <item name="android.content.ContentProvider android.net.Uri uncanonicalize(android.net.Uri)">
    <annotation name="android.support.annotation.Nullable" />
  </item>
  <item name="android.content.ContentProvider android.net.Uri uncanonicalize(android.net.Uri) 0">
    <annotation name="android.support.annotation.NonNull" />
  </item>
  <item name="android.content.ContentProvider android.os.Bundle call(java.lang.String, java.lang.String, android.os.Bundle)">
    <annotation name="android.support.annotation.Nullable" />
  </item>
  <item name="android.content.ContentProvider android.os.Bundle call(java.lang.String, java.lang.String, android.os.Bundle) 0">
    <annotation name="android.support.annotation.NonNull" />
  </item>
  <item name="android.content.ContentProvider android.os.Bundle call(java.lang.String, java.lang.String, android.os.Bundle) 1">
    <annotation name="android.support.annotation.Nullable" />
  </item>
  <item name="android.content.ContentProvider android.os.Bundle call(java.lang.String, java.lang.String, android.os.Bundle) 2">
    <annotation name="android.support.annotation.Nullable" />
  </item>
  <item name="android.content.ContentProvider android.os.ParcelFileDescriptor openFile(android.net.Uri, java.lang.String)">
    <annotation name="android.support.annotation.Nullable" />
  </item>
  <item name="android.content.ContentProvider android.os.ParcelFileDescriptor openFile(android.net.Uri, java.lang.String) 0">
    <annotation name="android.support.annotation.NonNull" />
  </item>
  <item name="android.content.ContentProvider android.os.ParcelFileDescriptor openFile(android.net.Uri, java.lang.String) 1">
    <annotation name="android.support.annotation.NonNull" />
  </item>
  <item name="android.content.ContentProvider android.os.ParcelFileDescriptor openFile(android.net.Uri, java.lang.String, android.os.CancellationSignal)">
    <annotation name="android.support.annotation.Nullable" />
  </item>
  <item name="android.content.ContentProvider android.os.ParcelFileDescriptor openFile(android.net.Uri, java.lang.String, android.os.CancellationSignal) 0">
    <annotation name="android.support.annotation.NonNull" />
  </item>
  <item name="android.content.ContentProvider android.os.ParcelFileDescriptor openFile(android.net.Uri, java.lang.String, android.os.CancellationSignal) 1">
    <annotation name="android.support.annotation.NonNull" />
  </item>
  <item name="android.content.ContentProvider android.os.ParcelFileDescriptor openFile(android.net.Uri, java.lang.String, android.os.CancellationSignal) 2">
    <annotation name="android.support.annotation.Nullable" />
  </item>
  <item name="android.content.ContentProvider android.os.ParcelFileDescriptor openFileHelper(android.net.Uri, java.lang.String)">
    <annotation name="android.support.annotation.NonNull" />
  </item>
  <item name="android.content.ContentProvider android.os.ParcelFileDescriptor openFileHelper(android.net.Uri, java.lang.String) 0">
    <annotation name="android.support.annotation.NonNull" />
  </item>
  <item name="android.content.ContentProvider android.os.ParcelFileDescriptor openFileHelper(android.net.Uri, java.lang.String) 1">
    <annotation name="android.support.annotation.NonNull" />
  </item>
  <item name="android.content.ContentProvider android.os.ParcelFileDescriptor openPipeHelper(android.net.Uri, java.lang.String, android.os.Bundle, T, android.content.ContentProvider.PipeDataWriter&lt;T&gt;)">
    <annotation name="android.support.annotation.NonNull" />
  </item>
  <item name="android.content.ContentProvider android.os.ParcelFileDescriptor openPipeHelper(android.net.Uri, java.lang.String, android.os.Bundle, T, android.content.ContentProvider.PipeDataWriter&lt;T&gt;) 0">
    <annotation name="android.support.annotation.NonNull" />
  </item>
  <item name="android.content.ContentProvider android.os.ParcelFileDescriptor openPipeHelper(android.net.Uri, java.lang.String, android.os.Bundle, T, android.content.ContentProvider.PipeDataWriter&lt;T&gt;) 1">
    <annotation name="android.support.annotation.NonNull" />
  </item>
  <item name="android.content.ContentProvider android.os.ParcelFileDescriptor openPipeHelper(android.net.Uri, java.lang.String, android.os.Bundle, T, android.content.ContentProvider.PipeDataWriter&lt;T&gt;) 2">
    <annotation name="android.support.annotation.Nullable" />
  </item>
  <item name="android.content.ContentProvider android.os.ParcelFileDescriptor openPipeHelper(android.net.Uri, java.lang.String, android.os.Bundle, T, android.content.ContentProvider.PipeDataWriter&lt;T&gt;) 3">
    <annotation name="android.support.annotation.Nullable" />
  </item>
  <item name="android.content.ContentProvider android.os.ParcelFileDescriptor openPipeHelper(android.net.Uri, java.lang.String, android.os.Bundle, T, android.content.ContentProvider.PipeDataWriter&lt;T&gt;) 4">
    <annotation name="android.support.annotation.NonNull" />
  </item>
  <item name="android.content.ContentProvider int bulkInsert(android.net.Uri, android.content.ContentValues[]) 0">
    <annotation name="android.support.annotation.NonNull" />
  </item>
  <item name="android.content.ContentProvider int bulkInsert(android.net.Uri, android.content.ContentValues[]) 1">
    <annotation name="android.support.annotation.NonNull" />
  </item>
  <item name="android.content.ContentProvider int delete(android.net.Uri, java.lang.String, java.lang.String[]) 0">
    <annotation name="android.support.annotation.NonNull" />
  </item>
  <item name="android.content.ContentProvider int delete(android.net.Uri, java.lang.String, java.lang.String[]) 1">
    <annotation name="android.support.annotation.Nullable" />
  </item>
  <item name="android.content.ContentProvider int delete(android.net.Uri, java.lang.String, java.lang.String[]) 2">
    <annotation name="android.support.annotation.Nullable" />
  </item>
  <item name="android.content.ContentProvider int update(android.net.Uri, android.content.ContentValues, java.lang.String, java.lang.String[]) 0">
    <annotation name="android.support.annotation.NonNull" />
  </item>
  <item name="android.content.ContentProvider int update(android.net.Uri, android.content.ContentValues, java.lang.String, java.lang.String[]) 1">
    <annotation name="android.support.annotation.Nullable" />
  </item>
  <item name="android.content.ContentProvider int update(android.net.Uri, android.content.ContentValues, java.lang.String, java.lang.String[]) 2">
    <annotation name="android.support.annotation.Nullable" />
  </item>
  <item name="android.content.ContentProvider int update(android.net.Uri, android.content.ContentValues, java.lang.String, java.lang.String[]) 3">
    <annotation name="android.support.annotation.Nullable" />
  </item>
  <item name="android.content.ContentProvider java.lang.String getCallingPackage()">
    <annotation name="android.support.annotation.Nullable" />
  </item>
  <item name="android.content.ContentProvider java.lang.String getReadPermission()">
    <annotation name="android.support.annotation.Nullable" />
  </item>
  <item name="android.content.ContentProvider java.lang.String getType(android.net.Uri)">
    <annotation name="android.support.annotation.Nullable" />
  </item>
  <item name="android.content.ContentProvider java.lang.String getType(android.net.Uri) 0">
    <annotation name="android.support.annotation.NonNull" />
  </item>
  <item name="android.content.ContentProvider java.lang.String getWritePermission()">
    <annotation name="android.support.annotation.Nullable" />
  </item>
  <item name="android.content.ContentProvider java.lang.String[] getStreamTypes(android.net.Uri, java.lang.String)">
    <annotation name="android.support.annotation.Nullable" />
  </item>
  <item name="android.content.ContentProvider java.lang.String[] getStreamTypes(android.net.Uri, java.lang.String) 0">
    <annotation name="android.support.annotation.NonNull" />
  </item>
  <item name="android.content.ContentProvider java.lang.String[] getStreamTypes(android.net.Uri, java.lang.String) 1">
    <annotation name="android.support.annotation.NonNull" />
  </item>
  <item name="android.content.ContentProvider void setPathPermissions(android.content.pm.PathPermission[]) 0">
    <annotation name="android.support.annotation.Nullable" />
  </item>
  <item name="android.content.ContentProvider void setReadPermission(java.lang.String) 0">
    <annotation name="android.support.annotation.Nullable" />
  </item>
  <item name="android.content.ContentProvider void setWritePermission(java.lang.String) 0">
    <annotation name="android.support.annotation.Nullable" />
  </item>
  <item name="android.content.ContentProvider.PipeDataWriter void writeDataToPipe(android.os.ParcelFileDescriptor, android.net.Uri, java.lang.String, android.os.Bundle, T) 0">
    <annotation name="android.support.annotation.NonNull" />
  </item>
  <item name="android.content.ContentProvider.PipeDataWriter void writeDataToPipe(android.os.ParcelFileDescriptor, android.net.Uri, java.lang.String, android.os.Bundle, T) 1">
    <annotation name="android.support.annotation.NonNull" />
  </item>
  <item name="android.content.ContentProvider.PipeDataWriter void writeDataToPipe(android.os.ParcelFileDescriptor, android.net.Uri, java.lang.String, android.os.Bundle, T) 2">
    <annotation name="android.support.annotation.NonNull" />
  </item>
  <item name="android.content.ContentProvider.PipeDataWriter void writeDataToPipe(android.os.ParcelFileDescriptor, android.net.Uri, java.lang.String, android.os.Bundle, T) 3">
    <annotation name="android.support.annotation.Nullable" />
  </item>
  <item name="android.content.ContentProvider.PipeDataWriter void writeDataToPipe(android.os.ParcelFileDescriptor, android.net.Uri, java.lang.String, android.os.Bundle, T) 4">
    <annotation name="android.support.annotation.Nullable" />
  </item>
  <item name="android.content.ContentProviderClient android.content.ContentProvider getLocalContentProvider()">
    <annotation name="android.support.annotation.Nullable" />
  </item>
  <item name="android.content.ContentProviderClient android.content.ContentProviderResult[] applyBatch(java.util.ArrayList&lt;android.content.ContentProviderOperation&gt;)">
    <annotation name="android.support.annotation.NonNull" />
  </item>
  <item name="android.content.ContentProviderClient android.content.ContentProviderResult[] applyBatch(java.util.ArrayList&lt;android.content.ContentProviderOperation&gt;) 0">
    <annotation name="android.support.annotation.NonNull" />
  </item>
  <item name="android.content.ContentProviderClient android.content.res.AssetFileDescriptor openAssetFile(android.net.Uri, java.lang.String)">
    <annotation name="android.support.annotation.Nullable" />
  </item>
  <item name="android.content.ContentProviderClient android.content.res.AssetFileDescriptor openAssetFile(android.net.Uri, java.lang.String) 0">
    <annotation name="android.support.annotation.NonNull" />
  </item>
  <item name="android.content.ContentProviderClient android.content.res.AssetFileDescriptor openAssetFile(android.net.Uri, java.lang.String) 1">
    <annotation name="android.support.annotation.NonNull" />
  </item>
  <item name="android.content.ContentProviderClient android.content.res.AssetFileDescriptor openAssetFile(android.net.Uri, java.lang.String, android.os.CancellationSignal)">
    <annotation name="android.support.annotation.Nullable" />
  </item>
  <item name="android.content.ContentProviderClient android.content.res.AssetFileDescriptor openAssetFile(android.net.Uri, java.lang.String, android.os.CancellationSignal) 0">
    <annotation name="android.support.annotation.NonNull" />
  </item>
  <item name="android.content.ContentProviderClient android.content.res.AssetFileDescriptor openAssetFile(android.net.Uri, java.lang.String, android.os.CancellationSignal) 1">
    <annotation name="android.support.annotation.NonNull" />
  </item>
  <item name="android.content.ContentProviderClient android.content.res.AssetFileDescriptor openAssetFile(android.net.Uri, java.lang.String, android.os.CancellationSignal) 2">
    <annotation name="android.support.annotation.Nullable" />
  </item>
  <item name="android.content.ContentProviderClient android.content.res.AssetFileDescriptor openTypedAssetFileDescriptor(android.net.Uri, java.lang.String, android.os.Bundle)">
    <annotation name="android.support.annotation.Nullable" />
  </item>
  <item name="android.content.ContentProviderClient android.content.res.AssetFileDescriptor openTypedAssetFileDescriptor(android.net.Uri, java.lang.String, android.os.Bundle) 0">
    <annotation name="android.support.annotation.NonNull" />
  </item>
  <item name="android.content.ContentProviderClient android.content.res.AssetFileDescriptor openTypedAssetFileDescriptor(android.net.Uri, java.lang.String, android.os.Bundle) 1">
    <annotation name="android.support.annotation.NonNull" />
  </item>
  <item name="android.content.ContentProviderClient android.content.res.AssetFileDescriptor openTypedAssetFileDescriptor(android.net.Uri, java.lang.String, android.os.Bundle) 2">
    <annotation name="android.support.annotation.Nullable" />
  </item>
  <item name="android.content.ContentProviderClient android.content.res.AssetFileDescriptor openTypedAssetFileDescriptor(android.net.Uri, java.lang.String, android.os.Bundle, android.os.CancellationSignal)">
    <annotation name="android.support.annotation.Nullable" />
  </item>
  <item name="android.content.ContentProviderClient android.content.res.AssetFileDescriptor openTypedAssetFileDescriptor(android.net.Uri, java.lang.String, android.os.Bundle, android.os.CancellationSignal) 0">
    <annotation name="android.support.annotation.NonNull" />
  </item>
  <item name="android.content.ContentProviderClient android.content.res.AssetFileDescriptor openTypedAssetFileDescriptor(android.net.Uri, java.lang.String, android.os.Bundle, android.os.CancellationSignal) 1">
    <annotation name="android.support.annotation.NonNull" />
  </item>
  <item name="android.content.ContentProviderClient android.content.res.AssetFileDescriptor openTypedAssetFileDescriptor(android.net.Uri, java.lang.String, android.os.Bundle, android.os.CancellationSignal) 2">
    <annotation name="android.support.annotation.Nullable" />
  </item>
  <item name="android.content.ContentProviderClient android.content.res.AssetFileDescriptor openTypedAssetFileDescriptor(android.net.Uri, java.lang.String, android.os.Bundle, android.os.CancellationSignal) 3">
    <annotation name="android.support.annotation.Nullable" />
  </item>
  <item name="android.content.ContentProviderClient android.database.Cursor query(android.net.Uri, java.lang.String[], java.lang.String, java.lang.String[], java.lang.String)">
    <annotation name="android.support.annotation.Nullable" />
  </item>
  <item name="android.content.ContentProviderClient android.database.Cursor query(android.net.Uri, java.lang.String[], java.lang.String, java.lang.String[], java.lang.String) 0">
    <annotation name="android.support.annotation.NonNull" />
  </item>
  <item name="android.content.ContentProviderClient android.database.Cursor query(android.net.Uri, java.lang.String[], java.lang.String, java.lang.String[], java.lang.String) 1">
    <annotation name="android.support.annotation.Nullable" />
  </item>
  <item name="android.content.ContentProviderClient android.database.Cursor query(android.net.Uri, java.lang.String[], java.lang.String, java.lang.String[], java.lang.String) 2">
    <annotation name="android.support.annotation.Nullable" />
  </item>
  <item name="android.content.ContentProviderClient android.database.Cursor query(android.net.Uri, java.lang.String[], java.lang.String, java.lang.String[], java.lang.String) 3">
    <annotation name="android.support.annotation.Nullable" />
  </item>
  <item name="android.content.ContentProviderClient android.database.Cursor query(android.net.Uri, java.lang.String[], java.lang.String, java.lang.String[], java.lang.String) 4">
    <annotation name="android.support.annotation.Nullable" />
  </item>
  <item name="android.content.ContentProviderClient android.database.Cursor query(android.net.Uri, java.lang.String[], java.lang.String, java.lang.String[], java.lang.String, android.os.CancellationSignal)">
    <annotation name="android.support.annotation.Nullable" />
  </item>
  <item name="android.content.ContentProviderClient android.database.Cursor query(android.net.Uri, java.lang.String[], java.lang.String, java.lang.String[], java.lang.String, android.os.CancellationSignal) 0">
    <annotation name="android.support.annotation.NonNull" />
  </item>
  <item name="android.content.ContentProviderClient android.database.Cursor query(android.net.Uri, java.lang.String[], java.lang.String, java.lang.String[], java.lang.String, android.os.CancellationSignal) 1">
    <annotation name="android.support.annotation.Nullable" />
  </item>
  <item name="android.content.ContentProviderClient android.database.Cursor query(android.net.Uri, java.lang.String[], java.lang.String, java.lang.String[], java.lang.String, android.os.CancellationSignal) 2">
    <annotation name="android.support.annotation.Nullable" />
  </item>
  <item name="android.content.ContentProviderClient android.database.Cursor query(android.net.Uri, java.lang.String[], java.lang.String, java.lang.String[], java.lang.String, android.os.CancellationSignal) 3">
    <annotation name="android.support.annotation.Nullable" />
  </item>
  <item name="android.content.ContentProviderClient android.database.Cursor query(android.net.Uri, java.lang.String[], java.lang.String, java.lang.String[], java.lang.String, android.os.CancellationSignal) 4">
    <annotation name="android.support.annotation.Nullable" />
  </item>
  <item name="android.content.ContentProviderClient android.database.Cursor query(android.net.Uri, java.lang.String[], java.lang.String, java.lang.String[], java.lang.String, android.os.CancellationSignal) 5">
    <annotation name="android.support.annotation.Nullable" />
  </item>
  <item name="android.content.ContentProviderClient android.net.Uri canonicalize(android.net.Uri)">
    <annotation name="android.support.annotation.Nullable" />
  </item>
  <item name="android.content.ContentProviderClient android.net.Uri canonicalize(android.net.Uri) 0">
    <annotation name="android.support.annotation.NonNull" />
  </item>
  <item name="android.content.ContentProviderClient android.net.Uri insert(android.net.Uri, android.content.ContentValues)">
    <annotation name="android.support.annotation.Nullable" />
  </item>
  <item name="android.content.ContentProviderClient android.net.Uri insert(android.net.Uri, android.content.ContentValues) 0">
    <annotation name="android.support.annotation.NonNull" />
  </item>
  <item name="android.content.ContentProviderClient android.net.Uri insert(android.net.Uri, android.content.ContentValues) 1">
    <annotation name="android.support.annotation.Nullable" />
  </item>
  <item name="android.content.ContentProviderClient android.net.Uri uncanonicalize(android.net.Uri)">
    <annotation name="android.support.annotation.Nullable" />
  </item>
  <item name="android.content.ContentProviderClient android.net.Uri uncanonicalize(android.net.Uri) 0">
    <annotation name="android.support.annotation.NonNull" />
  </item>
  <item name="android.content.ContentProviderClient android.os.Bundle call(java.lang.String, java.lang.String, android.os.Bundle)">
    <annotation name="android.support.annotation.Nullable" />
  </item>
  <item name="android.content.ContentProviderClient android.os.Bundle call(java.lang.String, java.lang.String, android.os.Bundle) 0">
    <annotation name="android.support.annotation.NonNull" />
  </item>
  <item name="android.content.ContentProviderClient android.os.Bundle call(java.lang.String, java.lang.String, android.os.Bundle) 1">
    <annotation name="android.support.annotation.Nullable" />
  </item>
  <item name="android.content.ContentProviderClient android.os.Bundle call(java.lang.String, java.lang.String, android.os.Bundle) 2">
    <annotation name="android.support.annotation.Nullable" />
  </item>
  <item name="android.content.ContentProviderClient android.os.ParcelFileDescriptor openFile(android.net.Uri, java.lang.String)">
    <annotation name="android.support.annotation.Nullable" />
  </item>
  <item name="android.content.ContentProviderClient android.os.ParcelFileDescriptor openFile(android.net.Uri, java.lang.String) 0">
    <annotation name="android.support.annotation.NonNull" />
  </item>
  <item name="android.content.ContentProviderClient android.os.ParcelFileDescriptor openFile(android.net.Uri, java.lang.String) 1">
    <annotation name="android.support.annotation.NonNull" />
  </item>
  <item name="android.content.ContentProviderClient android.os.ParcelFileDescriptor openFile(android.net.Uri, java.lang.String, android.os.CancellationSignal)">
    <annotation name="android.support.annotation.Nullable" />
  </item>
  <item name="android.content.ContentProviderClient android.os.ParcelFileDescriptor openFile(android.net.Uri, java.lang.String, android.os.CancellationSignal) 0">
    <annotation name="android.support.annotation.NonNull" />
  </item>
  <item name="android.content.ContentProviderClient android.os.ParcelFileDescriptor openFile(android.net.Uri, java.lang.String, android.os.CancellationSignal) 1">
    <annotation name="android.support.annotation.NonNull" />
  </item>
  <item name="android.content.ContentProviderClient android.os.ParcelFileDescriptor openFile(android.net.Uri, java.lang.String, android.os.CancellationSignal) 2">
    <annotation name="android.support.annotation.Nullable" />
  </item>
  <item name="android.content.ContentProviderClient int bulkInsert(android.net.Uri, android.content.ContentValues[]) 0">
    <annotation name="android.support.annotation.NonNull" />
  </item>
  <item name="android.content.ContentProviderClient int bulkInsert(android.net.Uri, android.content.ContentValues[]) 1">
    <annotation name="android.support.annotation.NonNull" />
  </item>
  <item name="android.content.ContentProviderClient int delete(android.net.Uri, java.lang.String, java.lang.String[]) 0">
    <annotation name="android.support.annotation.NonNull" />
  </item>
  <item name="android.content.ContentProviderClient int delete(android.net.Uri, java.lang.String, java.lang.String[]) 1">
    <annotation name="android.support.annotation.Nullable" />
  </item>
  <item name="android.content.ContentProviderClient int delete(android.net.Uri, java.lang.String, java.lang.String[]) 2">
    <annotation name="android.support.annotation.Nullable" />
  </item>
  <item name="android.content.ContentProviderClient int update(android.net.Uri, android.content.ContentValues, java.lang.String, java.lang.String[]) 0">
    <annotation name="android.support.annotation.NonNull" />
  </item>
  <item name="android.content.ContentProviderClient int update(android.net.Uri, android.content.ContentValues, java.lang.String, java.lang.String[]) 1">
    <annotation name="android.support.annotation.Nullable" />
  </item>
  <item name="android.content.ContentProviderClient int update(android.net.Uri, android.content.ContentValues, java.lang.String, java.lang.String[]) 2">
    <annotation name="android.support.annotation.Nullable" />
  </item>
  <item name="android.content.ContentProviderClient int update(android.net.Uri, android.content.ContentValues, java.lang.String, java.lang.String[]) 3">
    <annotation name="android.support.annotation.Nullable" />
  </item>
  <item name="android.content.ContentProviderClient java.lang.String getType(android.net.Uri)">
    <annotation name="android.support.annotation.Nullable" />
  </item>
  <item name="android.content.ContentProviderClient java.lang.String getType(android.net.Uri) 0">
    <annotation name="android.support.annotation.NonNull" />
  </item>
  <item name="android.content.ContentProviderClient java.lang.String[] getStreamTypes(android.net.Uri, java.lang.String)">
    <annotation name="android.support.annotation.Nullable" />
  </item>
  <item name="android.content.ContentProviderClient java.lang.String[] getStreamTypes(android.net.Uri, java.lang.String) 0">
    <annotation name="android.support.annotation.NonNull" />
  </item>
  <item name="android.content.ContentProviderClient java.lang.String[] getStreamTypes(android.net.Uri, java.lang.String) 1">
    <annotation name="android.support.annotation.NonNull" />
  </item>
  <item name="android.content.ContentResolver android.content.ContentProviderClient acquireContentProviderClient(android.net.Uri)">
    <annotation name="android.support.annotation.Nullable" />
  </item>
  <item name="android.content.ContentResolver android.content.ContentProviderClient acquireContentProviderClient(android.net.Uri) 0">
    <annotation name="android.support.annotation.NonNull" />
  </item>
  <item name="android.content.ContentResolver android.content.ContentProviderClient acquireContentProviderClient(java.lang.String)">
    <annotation name="android.support.annotation.Nullable" />
  </item>
  <item name="android.content.ContentResolver android.content.ContentProviderClient acquireContentProviderClient(java.lang.String) 0">
    <annotation name="android.support.annotation.NonNull" />
  </item>
  <item name="android.content.ContentResolver android.content.ContentProviderClient acquireUnstableContentProviderClient(android.net.Uri)">
    <annotation name="android.support.annotation.Nullable" />
  </item>
  <item name="android.content.ContentResolver android.content.ContentProviderClient acquireUnstableContentProviderClient(android.net.Uri) 0">
    <annotation name="android.support.annotation.NonNull" />
  </item>
  <item name="android.content.ContentResolver android.content.ContentProviderClient acquireUnstableContentProviderClient(java.lang.String)">
    <annotation name="android.support.annotation.Nullable" />
  </item>
  <item name="android.content.ContentResolver android.content.ContentProviderClient acquireUnstableContentProviderClient(java.lang.String) 0">
    <annotation name="android.support.annotation.NonNull" />
  </item>
  <item name="android.content.ContentResolver android.content.ContentProviderResult[] applyBatch(java.lang.String, java.util.ArrayList&lt;android.content.ContentProviderOperation&gt;)">
    <annotation name="android.support.annotation.NonNull" />
  </item>
  <item name="android.content.ContentResolver android.content.ContentProviderResult[] applyBatch(java.lang.String, java.util.ArrayList&lt;android.content.ContentProviderOperation&gt;) 0">
    <annotation name="android.support.annotation.NonNull" />
  </item>
  <item name="android.content.ContentResolver android.content.ContentProviderResult[] applyBatch(java.lang.String, java.util.ArrayList&lt;android.content.ContentProviderOperation&gt;) 1">
    <annotation name="android.support.annotation.NonNull" />
  </item>
  <item name="android.content.ContentResolver android.content.SyncInfo getCurrentSync()">
    <annotation name="android.support.annotation.RequiresPermission">
      <val name="value" val="&quot;android.permission.READ_SYNC_STATS&quot;" />
    </annotation>
  </item>
  <item name="android.content.ContentResolver android.content.res.AssetFileDescriptor openAssetFileDescriptor(android.net.Uri, java.lang.String)">
    <annotation name="android.support.annotation.Nullable" />
  </item>
  <item name="android.content.ContentResolver android.content.res.AssetFileDescriptor openAssetFileDescriptor(android.net.Uri, java.lang.String) 0">
    <annotation name="android.support.annotation.NonNull" />
  </item>
  <item name="android.content.ContentResolver android.content.res.AssetFileDescriptor openAssetFileDescriptor(android.net.Uri, java.lang.String) 1">
    <annotation name="android.support.annotation.NonNull" />
  </item>
  <item name="android.content.ContentResolver android.content.res.AssetFileDescriptor openAssetFileDescriptor(android.net.Uri, java.lang.String, android.os.CancellationSignal)">
    <annotation name="android.support.annotation.Nullable" />
  </item>
  <item name="android.content.ContentResolver android.content.res.AssetFileDescriptor openAssetFileDescriptor(android.net.Uri, java.lang.String, android.os.CancellationSignal) 0">
    <annotation name="android.support.annotation.NonNull" />
  </item>
  <item name="android.content.ContentResolver android.content.res.AssetFileDescriptor openAssetFileDescriptor(android.net.Uri, java.lang.String, android.os.CancellationSignal) 1">
    <annotation name="android.support.annotation.NonNull" />
  </item>
  <item name="android.content.ContentResolver android.content.res.AssetFileDescriptor openAssetFileDescriptor(android.net.Uri, java.lang.String, android.os.CancellationSignal) 2">
    <annotation name="android.support.annotation.Nullable" />
  </item>
  <item name="android.content.ContentResolver android.content.res.AssetFileDescriptor openTypedAssetFileDescriptor(android.net.Uri, java.lang.String, android.os.Bundle)">
    <annotation name="android.support.annotation.Nullable" />
  </item>
  <item name="android.content.ContentResolver android.content.res.AssetFileDescriptor openTypedAssetFileDescriptor(android.net.Uri, java.lang.String, android.os.Bundle) 0">
    <annotation name="android.support.annotation.NonNull" />
  </item>
  <item name="android.content.ContentResolver android.content.res.AssetFileDescriptor openTypedAssetFileDescriptor(android.net.Uri, java.lang.String, android.os.Bundle) 1">
    <annotation name="android.support.annotation.NonNull" />
  </item>
  <item name="android.content.ContentResolver android.content.res.AssetFileDescriptor openTypedAssetFileDescriptor(android.net.Uri, java.lang.String, android.os.Bundle) 2">
    <annotation name="android.support.annotation.Nullable" />
  </item>
  <item name="android.content.ContentResolver android.content.res.AssetFileDescriptor openTypedAssetFileDescriptor(android.net.Uri, java.lang.String, android.os.Bundle, android.os.CancellationSignal)">
    <annotation name="android.support.annotation.Nullable" />
  </item>
  <item name="android.content.ContentResolver android.content.res.AssetFileDescriptor openTypedAssetFileDescriptor(android.net.Uri, java.lang.String, android.os.Bundle, android.os.CancellationSignal) 0">
    <annotation name="android.support.annotation.NonNull" />
  </item>
  <item name="android.content.ContentResolver android.content.res.AssetFileDescriptor openTypedAssetFileDescriptor(android.net.Uri, java.lang.String, android.os.Bundle, android.os.CancellationSignal) 1">
    <annotation name="android.support.annotation.NonNull" />
  </item>
  <item name="android.content.ContentResolver android.content.res.AssetFileDescriptor openTypedAssetFileDescriptor(android.net.Uri, java.lang.String, android.os.Bundle, android.os.CancellationSignal) 2">
    <annotation name="android.support.annotation.Nullable" />
  </item>
  <item name="android.content.ContentResolver android.content.res.AssetFileDescriptor openTypedAssetFileDescriptor(android.net.Uri, java.lang.String, android.os.Bundle, android.os.CancellationSignal) 3">
    <annotation name="android.support.annotation.Nullable" />
  </item>
  <item name="android.content.ContentResolver android.database.Cursor query(android.net.Uri, java.lang.String[], java.lang.String, java.lang.String[], java.lang.String)">
    <annotation name="android.support.annotation.Nullable" />
  </item>
  <item name="android.content.ContentResolver android.database.Cursor query(android.net.Uri, java.lang.String[], java.lang.String, java.lang.String[], java.lang.String) 0">
    <annotation name="android.support.annotation.RequiresPermission.Read" />
    <annotation name="android.support.annotation.NonNull" />
  </item>
  <item name="android.content.ContentResolver android.database.Cursor query(android.net.Uri, java.lang.String[], java.lang.String, java.lang.String[], java.lang.String) 1">
    <annotation name="android.support.annotation.Nullable" />
  </item>
  <item name="android.content.ContentResolver android.database.Cursor query(android.net.Uri, java.lang.String[], java.lang.String, java.lang.String[], java.lang.String) 2">
    <annotation name="android.support.annotation.Nullable" />
  </item>
  <item name="android.content.ContentResolver android.database.Cursor query(android.net.Uri, java.lang.String[], java.lang.String, java.lang.String[], java.lang.String) 3">
    <annotation name="android.support.annotation.Nullable" />
  </item>
  <item name="android.content.ContentResolver android.database.Cursor query(android.net.Uri, java.lang.String[], java.lang.String, java.lang.String[], java.lang.String) 4">
    <annotation name="android.support.annotation.Nullable" />
  </item>
  <item name="android.content.ContentResolver android.database.Cursor query(android.net.Uri, java.lang.String[], java.lang.String, java.lang.String[], java.lang.String, android.os.CancellationSignal)">
    <annotation name="android.support.annotation.Nullable" />
  </item>
  <item name="android.content.ContentResolver android.database.Cursor query(android.net.Uri, java.lang.String[], java.lang.String, java.lang.String[], java.lang.String, android.os.CancellationSignal) 0">
    <annotation name="android.support.annotation.RequiresPermission.Read" />
    <annotation name="android.support.annotation.NonNull" />
  </item>
  <item name="android.content.ContentResolver android.database.Cursor query(android.net.Uri, java.lang.String[], java.lang.String, java.lang.String[], java.lang.String, android.os.CancellationSignal) 1">
    <annotation name="android.support.annotation.Nullable" />
  </item>
  <item name="android.content.ContentResolver android.database.Cursor query(android.net.Uri, java.lang.String[], java.lang.String, java.lang.String[], java.lang.String, android.os.CancellationSignal) 2">
    <annotation name="android.support.annotation.Nullable" />
  </item>
  <item name="android.content.ContentResolver android.database.Cursor query(android.net.Uri, java.lang.String[], java.lang.String, java.lang.String[], java.lang.String, android.os.CancellationSignal) 3">
    <annotation name="android.support.annotation.Nullable" />
  </item>
  <item name="android.content.ContentResolver android.database.Cursor query(android.net.Uri, java.lang.String[], java.lang.String, java.lang.String[], java.lang.String, android.os.CancellationSignal) 4">
    <annotation name="android.support.annotation.Nullable" />
  </item>
  <item name="android.content.ContentResolver android.database.Cursor query(android.net.Uri, java.lang.String[], java.lang.String, java.lang.String[], java.lang.String, android.os.CancellationSignal) 5">
    <annotation name="android.support.annotation.Nullable" />
  </item>
  <item name="android.content.ContentResolver android.net.Uri canonicalize(android.net.Uri)">
    <annotation name="android.support.annotation.Nullable" />
  </item>
  <item name="android.content.ContentResolver android.net.Uri canonicalize(android.net.Uri) 0">
    <annotation name="android.support.annotation.NonNull" />
  </item>
  <item name="android.content.ContentResolver android.net.Uri insert(android.net.Uri, android.content.ContentValues)">
    <annotation name="android.support.annotation.Nullable" />
  </item>
  <item name="android.content.ContentResolver android.net.Uri insert(android.net.Uri, android.content.ContentValues) 0">
    <annotation name="android.support.annotation.RequiresPermission.Write" />
    <annotation name="android.support.annotation.NonNull" />
  </item>
  <item name="android.content.ContentResolver android.net.Uri insert(android.net.Uri, android.content.ContentValues) 1">
    <annotation name="android.support.annotation.Nullable" />
  </item>
  <item name="android.content.ContentResolver android.net.Uri uncanonicalize(android.net.Uri)">
    <annotation name="android.support.annotation.Nullable" />
  </item>
  <item name="android.content.ContentResolver android.net.Uri uncanonicalize(android.net.Uri) 0">
    <annotation name="android.support.annotation.NonNull" />
  </item>
  <item name="android.content.ContentResolver android.os.Bundle call(android.net.Uri, java.lang.String, java.lang.String, android.os.Bundle)">
    <annotation name="android.support.annotation.Nullable" />
  </item>
  <item name="android.content.ContentResolver android.os.Bundle call(android.net.Uri, java.lang.String, java.lang.String, android.os.Bundle) 0">
    <annotation name="android.support.annotation.NonNull" />
  </item>
  <item name="android.content.ContentResolver android.os.Bundle call(android.net.Uri, java.lang.String, java.lang.String, android.os.Bundle) 1">
    <annotation name="android.support.annotation.NonNull" />
  </item>
  <item name="android.content.ContentResolver android.os.Bundle call(android.net.Uri, java.lang.String, java.lang.String, android.os.Bundle) 2">
    <annotation name="android.support.annotation.Nullable" />
  </item>
  <item name="android.content.ContentResolver android.os.Bundle call(android.net.Uri, java.lang.String, java.lang.String, android.os.Bundle) 3">
    <annotation name="android.support.annotation.Nullable" />
  </item>
  <item name="android.content.ContentResolver android.os.ParcelFileDescriptor openFileDescriptor(android.net.Uri, java.lang.String)">
    <annotation name="android.support.annotation.Nullable" />
  </item>
  <item name="android.content.ContentResolver android.os.ParcelFileDescriptor openFileDescriptor(android.net.Uri, java.lang.String) 0">
    <annotation name="android.support.annotation.NonNull" />
  </item>
  <item name="android.content.ContentResolver android.os.ParcelFileDescriptor openFileDescriptor(android.net.Uri, java.lang.String) 1">
    <annotation name="android.support.annotation.NonNull" />
  </item>
  <item name="android.content.ContentResolver android.os.ParcelFileDescriptor openFileDescriptor(android.net.Uri, java.lang.String, android.os.CancellationSignal)">
    <annotation name="android.support.annotation.Nullable" />
  </item>
  <item name="android.content.ContentResolver android.os.ParcelFileDescriptor openFileDescriptor(android.net.Uri, java.lang.String, android.os.CancellationSignal) 0">
    <annotation name="android.support.annotation.NonNull" />
  </item>
  <item name="android.content.ContentResolver android.os.ParcelFileDescriptor openFileDescriptor(android.net.Uri, java.lang.String, android.os.CancellationSignal) 1">
    <annotation name="android.support.annotation.NonNull" />
  </item>
  <item name="android.content.ContentResolver android.os.ParcelFileDescriptor openFileDescriptor(android.net.Uri, java.lang.String, android.os.CancellationSignal) 2">
    <annotation name="android.support.annotation.Nullable" />
  </item>
  <item name="android.content.ContentResolver boolean getMasterSyncAutomatically()">
    <annotation name="android.support.annotation.RequiresPermission">
      <val name="value" val="&quot;android.permission.READ_SYNC_SETTINGS&quot;" />
    </annotation>
  </item>
  <item name="android.content.ContentResolver boolean getSyncAutomatically(android.accounts.Account, java.lang.String)">
    <annotation name="android.support.annotation.RequiresPermission">
      <val name="value" val="&quot;android.permission.READ_SYNC_SETTINGS&quot;" />
    </annotation>
  </item>
  <item name="android.content.ContentResolver boolean isSyncActive(android.accounts.Account, java.lang.String)">
    <annotation name="android.support.annotation.RequiresPermission">
      <val name="value" val="&quot;android.permission.READ_SYNC_STATS&quot;" />
    </annotation>
  </item>
  <item name="android.content.ContentResolver boolean isSyncPending(android.accounts.Account, java.lang.String)">
    <annotation name="android.support.annotation.RequiresPermission">
      <val name="value" val="&quot;android.permission.READ_SYNC_STATS&quot;" />
    </annotation>
  </item>
  <item name="android.content.ContentResolver int bulkInsert(android.net.Uri, android.content.ContentValues[]) 0">
    <annotation name="android.support.annotation.RequiresPermission.Write" />
    <annotation name="android.support.annotation.NonNull" />
  </item>
  <item name="android.content.ContentResolver int bulkInsert(android.net.Uri, android.content.ContentValues[]) 1">
    <annotation name="android.support.annotation.NonNull" />
  </item>
  <item name="android.content.ContentResolver int delete(android.net.Uri, java.lang.String, java.lang.String[]) 0">
    <annotation name="android.support.annotation.RequiresPermission.Write" />
    <annotation name="android.support.annotation.NonNull" />
  </item>
  <item name="android.content.ContentResolver int delete(android.net.Uri, java.lang.String, java.lang.String[]) 1">
    <annotation name="android.support.annotation.Nullable" />
  </item>
  <item name="android.content.ContentResolver int delete(android.net.Uri, java.lang.String, java.lang.String[]) 2">
    <annotation name="android.support.annotation.Nullable" />
  </item>
  <item name="android.content.ContentResolver int getIsSyncable(android.accounts.Account, java.lang.String)">
    <annotation name="android.support.annotation.RequiresPermission">
      <val name="value" val="&quot;android.permission.READ_SYNC_SETTINGS&quot;" />
    </annotation>
  </item>
  <item name="android.content.ContentResolver int update(android.net.Uri, android.content.ContentValues, java.lang.String, java.lang.String[]) 0">
    <annotation name="android.support.annotation.RequiresPermission.Write" />
    <annotation name="android.support.annotation.NonNull" />
  </item>
  <item name="android.content.ContentResolver int update(android.net.Uri, android.content.ContentValues, java.lang.String, java.lang.String[]) 1">
    <annotation name="android.support.annotation.Nullable" />
  </item>
  <item name="android.content.ContentResolver int update(android.net.Uri, android.content.ContentValues, java.lang.String, java.lang.String[]) 2">
    <annotation name="android.support.annotation.Nullable" />
  </item>
  <item name="android.content.ContentResolver int update(android.net.Uri, android.content.ContentValues, java.lang.String, java.lang.String[]) 3">
    <annotation name="android.support.annotation.Nullable" />
  </item>
  <item name="android.content.ContentResolver java.io.InputStream openInputStream(android.net.Uri)">
    <annotation name="android.support.annotation.Nullable" />
  </item>
  <item name="android.content.ContentResolver java.io.InputStream openInputStream(android.net.Uri) 0">
    <annotation name="android.support.annotation.NonNull" />
  </item>
  <item name="android.content.ContentResolver java.io.OutputStream openOutputStream(android.net.Uri)">
    <annotation name="android.support.annotation.Nullable" />
  </item>
  <item name="android.content.ContentResolver java.io.OutputStream openOutputStream(android.net.Uri) 0">
    <annotation name="android.support.annotation.NonNull" />
  </item>
  <item name="android.content.ContentResolver java.io.OutputStream openOutputStream(android.net.Uri, java.lang.String)">
    <annotation name="android.support.annotation.Nullable" />
  </item>
  <item name="android.content.ContentResolver java.io.OutputStream openOutputStream(android.net.Uri, java.lang.String) 0">
    <annotation name="android.support.annotation.NonNull" />
  </item>
  <item name="android.content.ContentResolver java.io.OutputStream openOutputStream(android.net.Uri, java.lang.String) 1">
    <annotation name="android.support.annotation.NonNull" />
  </item>
  <item name="android.content.ContentResolver java.lang.String getType(android.net.Uri)">
    <annotation name="android.support.annotation.Nullable" />
  </item>
  <item name="android.content.ContentResolver java.lang.String getType(android.net.Uri) 0">
    <annotation name="android.support.annotation.NonNull" />
  </item>
  <item name="android.content.ContentResolver java.lang.String[] getStreamTypes(android.net.Uri, java.lang.String)">
    <annotation name="android.support.annotation.Nullable" />
  </item>
  <item name="android.content.ContentResolver java.lang.String[] getStreamTypes(android.net.Uri, java.lang.String) 0">
    <annotation name="android.support.annotation.NonNull" />
  </item>
  <item name="android.content.ContentResolver java.lang.String[] getStreamTypes(android.net.Uri, java.lang.String) 1">
    <annotation name="android.support.annotation.NonNull" />
  </item>
  <item name="android.content.ContentResolver java.util.List&lt;android.content.PeriodicSync&gt; getPeriodicSyncs(android.accounts.Account, java.lang.String)">
    <annotation name="android.support.annotation.RequiresPermission">
      <val name="value" val="&quot;android.permission.READ_SYNC_SETTINGS&quot;" />
    </annotation>
  </item>
  <item name="android.content.ContentResolver java.util.List&lt;android.content.SyncInfo&gt; getCurrentSyncs()">
    <annotation name="android.support.annotation.RequiresPermission">
      <val name="value" val="&quot;android.permission.READ_SYNC_STATS&quot;" />
    </annotation>
  </item>
  <item name="android.content.ContentResolver java.util.List&lt;android.content.UriPermission&gt; getOutgoingPersistedUriPermissions()">
    <annotation name="android.support.annotation.NonNull" />
  </item>
  <item name="android.content.ContentResolver java.util.List&lt;android.content.UriPermission&gt; getPersistedUriPermissions()">
    <annotation name="android.support.annotation.NonNull" />
  </item>
  <item name="android.content.ContentResolver void addPeriodicSync(android.accounts.Account, java.lang.String, android.os.Bundle, long)">
    <annotation name="android.support.annotation.RequiresPermission">
      <val name="value" val="&quot;android.permission.WRITE_SYNC_SETTINGS&quot;" />
    </annotation>
  </item>
  <item name="android.content.ContentResolver void cancelSync(android.content.SyncRequest)">
    <annotation name="android.support.annotation.RequiresPermission">
      <val name="value" val="&quot;android.permission.WRITE_SYNC_SETTINGS&quot;" />
    </annotation>
  </item>
  <item name="android.content.ContentResolver void notifyChange(android.net.Uri, android.database.ContentObserver) 0">
    <annotation name="android.support.annotation.NonNull" />
  </item>
  <item name="android.content.ContentResolver void notifyChange(android.net.Uri, android.database.ContentObserver) 1">
    <annotation name="android.support.annotation.Nullable" />
  </item>
  <item name="android.content.ContentResolver void notifyChange(android.net.Uri, android.database.ContentObserver, boolean) 0">
    <annotation name="android.support.annotation.NonNull" />
  </item>
  <item name="android.content.ContentResolver void notifyChange(android.net.Uri, android.database.ContentObserver, boolean) 1">
    <annotation name="android.support.annotation.Nullable" />
  </item>
  <item name="android.content.ContentResolver void notifyChange(android.net.Uri, android.database.ContentObserver, int) 0">
    <annotation name="android.support.annotation.NonNull" />
  </item>
  <item name="android.content.ContentResolver void notifyChange(android.net.Uri, android.database.ContentObserver, int) 1">
    <annotation name="android.support.annotation.Nullable" />
  </item>
  <item name="android.content.ContentResolver void notifyChange(android.net.Uri, android.database.ContentObserver, int) 2">
    <annotation name="android.support.annotation.IntDef">
      <val name="value" val="{android.content.ContentResolver.NOTIFY_SYNC_TO_NETWORK, android.content.ContentResolver.NOTIFY_SKIP_NOTIFY_FOR_DESCENDANTS}" />
      <val name="flag" val="true" />
    </annotation>
  </item>
  <item name="android.content.ContentResolver void registerContentObserver(android.net.Uri, boolean, android.database.ContentObserver) 0">
    <annotation name="android.support.annotation.NonNull" />
  </item>
  <item name="android.content.ContentResolver void registerContentObserver(android.net.Uri, boolean, android.database.ContentObserver) 2">
    <annotation name="android.support.annotation.NonNull" />
  </item>
  <item name="android.content.ContentResolver void releasePersistableUriPermission(android.net.Uri, int) 0">
    <annotation name="android.support.annotation.NonNull" />
  </item>
  <item name="android.content.ContentResolver void releasePersistableUriPermission(android.net.Uri, int) 1">
    <annotation name="android.support.annotation.IntDef">
      <val name="value" val="{android.content.Intent.FLAG_GRANT_READ_URI_PERMISSION, android.content.Intent.FLAG_GRANT_WRITE_URI_PERMISSION}" />
      <val name="flag" val="true" />
    </annotation>
  </item>
  <item name="android.content.ContentResolver void removePeriodicSync(android.accounts.Account, java.lang.String, android.os.Bundle)">
    <annotation name="android.support.annotation.RequiresPermission">
      <val name="value" val="&quot;android.permission.WRITE_SYNC_SETTINGS&quot;" />
    </annotation>
  </item>
  <item name="android.content.ContentResolver void setIsSyncable(android.accounts.Account, java.lang.String, int)">
    <annotation name="android.support.annotation.RequiresPermission">
      <val name="value" val="&quot;android.permission.WRITE_SYNC_SETTINGS&quot;" />
    </annotation>
  </item>
  <item name="android.content.ContentResolver void setMasterSyncAutomatically(boolean)">
    <annotation name="android.support.annotation.RequiresPermission">
      <val name="value" val="&quot;android.permission.WRITE_SYNC_SETTINGS&quot;" />
    </annotation>
  </item>
  <item name="android.content.ContentResolver void setSyncAutomatically(android.accounts.Account, java.lang.String, boolean)">
    <annotation name="android.support.annotation.RequiresPermission">
      <val name="value" val="&quot;android.permission.WRITE_SYNC_SETTINGS&quot;" />
    </annotation>
  </item>
  <item name="android.content.ContentResolver void takePersistableUriPermission(android.net.Uri, int) 0">
    <annotation name="android.support.annotation.NonNull" />
  </item>
  <item name="android.content.ContentResolver void takePersistableUriPermission(android.net.Uri, int) 1">
    <annotation name="android.support.annotation.IntDef">
      <val name="value" val="{android.content.Intent.FLAG_GRANT_READ_URI_PERMISSION, android.content.Intent.FLAG_GRANT_WRITE_URI_PERMISSION}" />
      <val name="flag" val="true" />
    </annotation>
  </item>
  <item name="android.content.ContentResolver void unregisterContentObserver(android.database.ContentObserver) 0">
    <annotation name="android.support.annotation.NonNull" />
  </item>
  <item name="android.content.Context android.content.ComponentName startService(android.content.Intent)">
    <annotation name="android.support.annotation.Nullable" />
  </item>
  <item name="android.content.Context android.content.Context createConfigurationContext(android.content.res.Configuration) 0">
    <annotation name="android.support.annotation.NonNull" />
  </item>
  <item name="android.content.Context android.content.Context createDisplayContext(android.view.Display) 0">
    <annotation name="android.support.annotation.NonNull" />
  </item>
  <item name="android.content.Context android.content.Context createPackageContext(java.lang.String, int) 1">
    <annotation name="android.support.annotation.IntDef">
      <val name="value" val="{android.content.Context.CONTEXT_INCLUDE_CODE, android.content.Context.CONTEXT_IGNORE_SECURITY, android.content.Context.CONTEXT_RESTRICTED}" />
      <val name="flag" val="true" />
    </annotation>
  </item>
  <item name="android.content.Context android.content.Intent registerReceiver(android.content.BroadcastReceiver, android.content.IntentFilter)">
    <annotation name="android.support.annotation.Nullable" />
  </item>
  <item name="android.content.Context android.content.Intent registerReceiver(android.content.BroadcastReceiver, android.content.IntentFilter) 0">
    <annotation name="android.support.annotation.Nullable" />
  </item>
  <item name="android.content.Context android.content.Intent registerReceiver(android.content.BroadcastReceiver, android.content.IntentFilter, java.lang.String, android.os.Handler)">
    <annotation name="android.support.annotation.Nullable" />
  </item>
  <item name="android.content.Context android.content.Intent registerReceiver(android.content.BroadcastReceiver, android.content.IntentFilter, java.lang.String, android.os.Handler) 2">
    <annotation name="android.support.annotation.Nullable" />
  </item>
  <item name="android.content.Context android.content.Intent registerReceiver(android.content.BroadcastReceiver, android.content.IntentFilter, java.lang.String, android.os.Handler) 3">
    <annotation name="android.support.annotation.Nullable" />
  </item>
  <item name="android.content.Context android.content.res.ColorStateList getColorStateList(int)">
    <annotation name="android.support.annotation.Nullable" />
  </item>
  <item name="android.content.Context android.content.res.ColorStateList getColorStateList(int) 0">
    <annotation name="android.support.annotation.ColorRes" />
  </item>
  <item name="android.content.Context android.content.res.TypedArray obtainStyledAttributes(android.util.AttributeSet, int[]) 1">
    <annotation name="android.support.annotation.StyleableRes" />
  </item>
  <item name="android.content.Context android.content.res.TypedArray obtainStyledAttributes(android.util.AttributeSet, int[], int, int) 1">
    <annotation name="android.support.annotation.StyleableRes" />
  </item>
  <item name="android.content.Context android.content.res.TypedArray obtainStyledAttributes(android.util.AttributeSet, int[], int, int) 2">
    <annotation name="android.support.annotation.AttrRes" />
  </item>
  <item name="android.content.Context android.content.res.TypedArray obtainStyledAttributes(android.util.AttributeSet, int[], int, int) 3">
    <annotation name="android.support.annotation.StyleRes" />
  </item>
  <item name="android.content.Context android.content.res.TypedArray obtainStyledAttributes(int, int[]) 0">
    <annotation name="android.support.annotation.StyleRes" />
  </item>
  <item name="android.content.Context android.content.res.TypedArray obtainStyledAttributes(int, int[]) 1">
    <annotation name="android.support.annotation.StyleableRes" />
  </item>
  <item name="android.content.Context android.content.res.TypedArray obtainStyledAttributes(int[]) 0">
    <annotation name="android.support.annotation.StyleableRes" />
  </item>
  <item name="android.content.Context android.database.sqlite.SQLiteDatabase openOrCreateDatabase(java.lang.String, int, android.database.sqlite.SQLiteDatabase.CursorFactory, android.database.DatabaseErrorHandler) 3">
    <annotation name="android.support.annotation.Nullable" />
  </item>
  <item name="android.content.Context android.graphics.drawable.Drawable getDrawable(int)">
    <annotation name="android.support.annotation.Nullable" />
  </item>
  <item name="android.content.Context android.graphics.drawable.Drawable getDrawable(int) 0">
    <annotation name="android.support.annotation.DrawableRes" />
  </item>
  <item name="android.content.Context boolean bindService(android.content.Intent, android.content.ServiceConnection, int) 0">
    <annotation name="android.support.annotation.RequiresPermission" />
  </item>
  <item name="android.content.Context boolean bindService(android.content.Intent, android.content.ServiceConnection, int) 1">
    <annotation name="android.support.annotation.NonNull" />
  </item>
  <item name="android.content.Context boolean bindService(android.content.Intent, android.content.ServiceConnection, int) 2">
    <annotation name="android.support.annotation.IntDef">
      <val name="value" val="{android.content.Context.BIND_AUTO_CREATE, android.content.Context.BIND_DEBUG_UNBIND, android.content.Context.BIND_NOT_FOREGROUND, android.content.Context.BIND_ABOVE_CLIENT, android.content.Context.BIND_ALLOW_OOM_MANAGEMENT, android.content.Context.BIND_WAIVE_PRIORITY, android.content.Context.BIND_IMPORTANT, android.content.Context.BIND_ADJUST_WITH_ACTIVITY}" />
      <val name="flag" val="true" />
    </annotation>
  </item>
  <item name="android.content.Context boolean startInstrumentation(android.content.ComponentName, java.lang.String, android.os.Bundle) 0">
    <annotation name="android.support.annotation.NonNull" />
  </item>
  <item name="android.content.Context boolean startInstrumentation(android.content.ComponentName, java.lang.String, android.os.Bundle) 1">
    <annotation name="android.support.annotation.Nullable" />
  </item>
  <item name="android.content.Context boolean startInstrumentation(android.content.ComponentName, java.lang.String, android.os.Bundle) 2">
    <annotation name="android.support.annotation.Nullable" />
  </item>
  <item name="android.content.Context int checkCallingOrSelfPermission(java.lang.String)">
    <annotation name="android.support.annotation.CheckResult">
      <val name="suggest" val="&quot;#enforceCallingOrSelfPermission(String,String)&quot;" />
    </annotation>
    <annotation name="android.support.annotation.IntDef">
      <val name="value" val="{android.content.pm.PackageManager.PERMISSION_GRANTED, android.content.pm.PackageManager.PERMISSION_DENIED}" />
    </annotation>
  </item>
  <item name="android.content.Context int checkCallingOrSelfPermission(java.lang.String) 0">
    <annotation name="android.support.annotation.NonNull" />
  </item>
  <item name="android.content.Context int checkCallingOrSelfUriPermission(android.net.Uri, int)">
    <annotation name="android.support.annotation.CheckResult">
      <val name="suggest" val="&quot;#enforceCallingOrSelfUriPermission(Uri,int,String)&quot;" />
    </annotation>
  </item>
  <item name="android.content.Context int checkCallingOrSelfUriPermission(android.net.Uri, int) 1">
    <annotation name="android.support.annotation.IntDef">
      <val name="value" val="{android.content.Intent.FLAG_GRANT_READ_URI_PERMISSION, android.content.Intent.FLAG_GRANT_WRITE_URI_PERMISSION}" />
      <val name="flag" val="true" />
    </annotation>
  </item>
  <item name="android.content.Context int checkCallingPermission(java.lang.String)">
    <annotation name="android.support.annotation.CheckResult">
      <val name="suggest" val="&quot;#enforceCallingPermission(String,String)&quot;" />
    </annotation>
    <annotation name="android.support.annotation.IntDef">
      <val name="value" val="{android.content.pm.PackageManager.PERMISSION_GRANTED, android.content.pm.PackageManager.PERMISSION_DENIED}" />
    </annotation>
  </item>
  <item name="android.content.Context int checkCallingPermission(java.lang.String) 0">
    <annotation name="android.support.annotation.NonNull" />
  </item>
  <item name="android.content.Context int checkCallingUriPermission(android.net.Uri, int)">
    <annotation name="android.support.annotation.CheckResult">
      <val name="suggest" val="&quot;#enforceCallingUriPermission(Uri,int,String)&quot;" />
    </annotation>
  </item>
  <item name="android.content.Context int checkCallingUriPermission(android.net.Uri, int) 1">
    <annotation name="android.support.annotation.IntDef">
      <val name="value" val="{android.content.Intent.FLAG_GRANT_READ_URI_PERMISSION, android.content.Intent.FLAG_GRANT_WRITE_URI_PERMISSION}" />
      <val name="flag" val="true" />
    </annotation>
  </item>
  <item name="android.content.Context int checkPermission(java.lang.String, int, int)">
    <annotation name="android.support.annotation.CheckResult">
      <val name="suggest" val="&quot;#enforcePermission(String,int,int,String)&quot;" />
    </annotation>
    <annotation name="android.support.annotation.IntDef">
      <val name="value" val="{android.content.pm.PackageManager.PERMISSION_GRANTED, android.content.pm.PackageManager.PERMISSION_DENIED}" />
    </annotation>
  </item>
  <item name="android.content.Context int checkPermission(java.lang.String, int, int) 0">
    <annotation name="android.support.annotation.NonNull" />
  </item>
  <item name="android.content.Context int checkSelfPermission(java.lang.String)">
    <annotation name="android.support.annotation.IntDef">
      <val name="value" val="{android.content.pm.PackageManager.PERMISSION_GRANTED, android.content.pm.PackageManager.PERMISSION_DENIED}" />
    </annotation>
  </item>
  <item name="android.content.Context int checkSelfPermission(java.lang.String) 0">
    <annotation name="android.support.annotation.NonNull" />
  </item>
  <item name="android.content.Context int checkUriPermission(android.net.Uri, int, int, int)">
    <annotation name="android.support.annotation.CheckResult">
      <val name="suggest" val="&quot;#enforceUriPermission(Uri,int,int,String)&quot;" />
    </annotation>
  </item>
  <item name="android.content.Context int checkUriPermission(android.net.Uri, int, int, int) 3">
    <annotation name="android.support.annotation.IntDef">
      <val name="value" val="{android.content.Intent.FLAG_GRANT_READ_URI_PERMISSION, android.content.Intent.FLAG_GRANT_WRITE_URI_PERMISSION}" />
      <val name="flag" val="true" />
    </annotation>
  </item>
  <item name="android.content.Context int checkUriPermission(android.net.Uri, java.lang.String, java.lang.String, int, int, int)">
    <annotation name="android.support.annotation.CheckResult">
      <val name="suggest" val="&quot;#enforceUriPermission(Uri,String,String,int,int,int,String)&quot;" />
    </annotation>
  </item>
  <item name="android.content.Context int checkUriPermission(android.net.Uri, java.lang.String, java.lang.String, int, int, int) 0">
    <annotation name="android.support.annotation.Nullable" />
  </item>
  <item name="android.content.Context int checkUriPermission(android.net.Uri, java.lang.String, java.lang.String, int, int, int) 1">
    <annotation name="android.support.annotation.Nullable" />
  </item>
  <item name="android.content.Context int checkUriPermission(android.net.Uri, java.lang.String, java.lang.String, int, int, int) 2">
    <annotation name="android.support.annotation.Nullable" />
  </item>
  <item name="android.content.Context int checkUriPermission(android.net.Uri, java.lang.String, java.lang.String, int, int, int) 5">
    <annotation name="android.support.annotation.IntDef">
      <val name="value" val="{android.content.Intent.FLAG_GRANT_READ_URI_PERMISSION, android.content.Intent.FLAG_GRANT_WRITE_URI_PERMISSION}" />
      <val name="flag" val="true" />
    </annotation>
  </item>
  <item name="android.content.Context int getColor(int)">
    <annotation name="android.support.annotation.ColorInt" />
  </item>
  <item name="android.content.Context int getColor(int) 0">
    <annotation name="android.support.annotation.ColorRes" />
  </item>
  <item name="android.content.Context java.io.File getExternalCacheDir()">
    <annotation name="android.support.annotation.Nullable" />
  </item>
  <item name="android.content.Context java.io.File getExternalFilesDir(java.lang.String)">
    <annotation name="android.support.annotation.Nullable" />
  </item>
  <item name="android.content.Context java.io.File getExternalFilesDir(java.lang.String) 0">
    <annotation name="android.support.annotation.Nullable" />
  </item>
  <item name="android.content.Context java.lang.CharSequence getText(int) 0">
    <annotation name="android.support.annotation.StringRes" />
  </item>
  <item name="android.content.Context java.lang.Object getSystemService(java.lang.String) 0">
    <annotation name="android.support.annotation.StringDef">
      <val name="value" val="{android.content.Context.POWER_SERVICE, android.content.Context.WINDOW_SERVICE, android.content.Context.LAYOUT_INFLATER_SERVICE, android.content.Context.ACCOUNT_SERVICE, android.content.Context.ACTIVITY_SERVICE, android.content.Context.ALARM_SERVICE, android.content.Context.NOTIFICATION_SERVICE, android.content.Context.ACCESSIBILITY_SERVICE, android.content.Context.CAPTIONING_SERVICE, android.content.Context.KEYGUARD_SERVICE, android.content.Context.LOCATION_SERVICE, android.content.Context.SEARCH_SERVICE, android.content.Context.SENSOR_SERVICE, android.content.Context.STORAGE_SERVICE, android.content.Context.WALLPAPER_SERVICE, android.content.Context.VIBRATOR_SERVICE, android.content.Context.CONNECTIVITY_SERVICE, android.content.Context.NETWORK_STATS_SERVICE, android.content.Context.WIFI_SERVICE, android.content.Context.WIFI_P2P_SERVICE, android.content.Context.NSD_SERVICE, android.content.Context.AUDIO_SERVICE, android.content.Context.FINGERPRINT_SERVICE, android.content.Context.MEDIA_ROUTER_SERVICE, android.content.Context.TELEPHONY_SERVICE, android.content.Context.TELEPHONY_SUBSCRIPTION_SERVICE, android.content.Context.CARRIER_CONFIG_SERVICE, android.content.Context.TELECOM_SERVICE, android.content.Context.CLIPBOARD_SERVICE, android.content.Context.INPUT_METHOD_SERVICE, android.content.Context.TEXT_SERVICES_MANAGER_SERVICE, android.content.Context.APPWIDGET_SERVICE, android.content.Context.DROPBOX_SERVICE, android.content.Context.DEVICE_POLICY_SERVICE, android.content.Context.UI_MODE_SERVICE, android.content.Context.DOWNLOAD_SERVICE, android.content.Context.NFC_SERVICE, android.content.Context.BLUETOOTH_SERVICE, android.content.Context.USB_SERVICE, android.content.Context.LAUNCHER_APPS_SERVICE, android.content.Context.INPUT_SERVICE, android.content.Context.DISPLAY_SERVICE, android.content.Context.USER_SERVICE, android.content.Context.RESTRICTIONS_SERVICE, android.content.Context.APP_OPS_SERVICE, android.content.Context.CAMERA_SERVICE, android.content.Context.PRINT_SERVICE, android.content.Context.CONSUMER_IR_SERVICE, android.content.Context.TV_INPUT_SERVICE, android.content.Context.USAGE_STATS_SERVICE, android.content.Context.MEDIA_SESSION_SERVICE, android.content.Context.BATTERY_SERVICE, android.content.Context.JOB_SCHEDULER_SERVICE, android.content.Context.MEDIA_PROJECTION_SERVICE, android.content.Context.MIDI_SERVICE, android.content.Context.HARDWARE_PROPERTIES_SERVICE, android.content.Context.SHORTCUT_SERVICE, android.content.Context.SYSTEM_HEALTH_SERVICE}" />
    </annotation>
    <annotation name="android.support.annotation.NonNull" />
  </item>
  <item name="android.content.Context java.lang.String getString(int)">
    <annotation name="android.support.annotation.NonNull" />
  </item>
  <item name="android.content.Context java.lang.String getString(int) 0">
    <annotation name="android.support.annotation.StringRes" />
  </item>
  <item name="android.content.Context java.lang.String getString(int, java.lang.Object...)">
    <annotation name="android.support.annotation.NonNull" />
  </item>
  <item name="android.content.Context java.lang.String getString(int, java.lang.Object...) 0">
    <annotation name="android.support.annotation.StringRes" />
  </item>
  <item name="android.content.Context void enforceCallingOrSelfPermission(java.lang.String, java.lang.String) 0">
    <annotation name="android.support.annotation.NonNull" />
  </item>
  <item name="android.content.Context void enforceCallingOrSelfPermission(java.lang.String, java.lang.String) 1">
    <annotation name="android.support.annotation.Nullable" />
  </item>
  <item name="android.content.Context void enforceCallingOrSelfUriPermission(android.net.Uri, int, java.lang.String) 1">
    <annotation name="android.support.annotation.IntDef">
      <val name="value" val="{android.content.Intent.FLAG_GRANT_READ_URI_PERMISSION, android.content.Intent.FLAG_GRANT_WRITE_URI_PERMISSION}" />
      <val name="flag" val="true" />
    </annotation>
  </item>
  <item name="android.content.Context void enforceCallingPermission(java.lang.String, java.lang.String) 0">
    <annotation name="android.support.annotation.NonNull" />
  </item>
  <item name="android.content.Context void enforceCallingPermission(java.lang.String, java.lang.String) 1">
    <annotation name="android.support.annotation.Nullable" />
  </item>
  <item name="android.content.Context void enforceCallingUriPermission(android.net.Uri, int, java.lang.String) 1">
    <annotation name="android.support.annotation.IntDef">
      <val name="value" val="{android.content.Intent.FLAG_GRANT_READ_URI_PERMISSION, android.content.Intent.FLAG_GRANT_WRITE_URI_PERMISSION}" />
      <val name="flag" val="true" />
    </annotation>
  </item>
  <item name="android.content.Context void enforcePermission(java.lang.String, int, int, java.lang.String) 0">
    <annotation name="android.support.annotation.NonNull" />
  </item>
  <item name="android.content.Context void enforcePermission(java.lang.String, int, int, java.lang.String) 3">
    <annotation name="android.support.annotation.Nullable" />
  </item>
  <item name="android.content.Context void enforceUriPermission(android.net.Uri, int, int, int, java.lang.String) 3">
    <annotation name="android.support.annotation.IntDef">
      <val name="value" val="{android.content.Intent.FLAG_GRANT_READ_URI_PERMISSION, android.content.Intent.FLAG_GRANT_WRITE_URI_PERMISSION}" />
      <val name="flag" val="true" />
    </annotation>
  </item>
  <item name="android.content.Context void enforceUriPermission(android.net.Uri, java.lang.String, java.lang.String, int, int, int, java.lang.String) 0">
    <annotation name="android.support.annotation.Nullable" />
  </item>
  <item name="android.content.Context void enforceUriPermission(android.net.Uri, java.lang.String, java.lang.String, int, int, int, java.lang.String) 1">
    <annotation name="android.support.annotation.Nullable" />
  </item>
  <item name="android.content.Context void enforceUriPermission(android.net.Uri, java.lang.String, java.lang.String, int, int, int, java.lang.String) 2">
    <annotation name="android.support.annotation.Nullable" />
  </item>
  <item name="android.content.Context void enforceUriPermission(android.net.Uri, java.lang.String, java.lang.String, int, int, int, java.lang.String) 5">
    <annotation name="android.support.annotation.IntDef">
      <val name="value" val="{android.content.Intent.FLAG_GRANT_READ_URI_PERMISSION, android.content.Intent.FLAG_GRANT_WRITE_URI_PERMISSION}" />
      <val name="flag" val="true" />
    </annotation>
  </item>
  <item name="android.content.Context void enforceUriPermission(android.net.Uri, java.lang.String, java.lang.String, int, int, int, java.lang.String) 6">
    <annotation name="android.support.annotation.Nullable" />
  </item>
  <item name="android.content.Context void grantUriPermission(java.lang.String, android.net.Uri, int) 2">
    <annotation name="android.support.annotation.IntDef">
      <val name="value" val="{android.content.Intent.FLAG_GRANT_READ_URI_PERMISSION, android.content.Intent.FLAG_GRANT_WRITE_URI_PERMISSION, android.content.Intent.FLAG_GRANT_PERSISTABLE_URI_PERMISSION, android.content.Intent.FLAG_GRANT_PREFIX_URI_PERMISSION}" />
      <val name="flag" val="true" />
    </annotation>
  </item>
  <item name="android.content.Context void removeStickyBroadcast(android.content.Intent) 0">
    <annotation name="android.support.annotation.RequiresPermission" />
  </item>
  <item name="android.content.Context void removeStickyBroadcastAsUser(android.content.Intent, android.os.UserHandle) 0">
    <annotation name="android.support.annotation.RequiresPermission" />
  </item>
  <item name="android.content.Context void revokeUriPermission(android.net.Uri, int) 1">
    <annotation name="android.support.annotation.IntDef">
      <val name="value" val="{android.content.Intent.FLAG_GRANT_READ_URI_PERMISSION, android.content.Intent.FLAG_GRANT_WRITE_URI_PERMISSION}" />
      <val name="flag" val="true" />
    </annotation>
  </item>
  <item name="android.content.Context void sendBroadcast(android.content.Intent) 0">
    <annotation name="android.support.annotation.RequiresPermission" />
  </item>
  <item name="android.content.Context void sendBroadcast(android.content.Intent, java.lang.String) 0">
    <annotation name="android.support.annotation.RequiresPermission" />
  </item>
  <item name="android.content.Context void sendBroadcast(android.content.Intent, java.lang.String) 1">
    <annotation name="android.support.annotation.Nullable" />
  </item>
  <item name="android.content.Context void sendBroadcastAsUser(android.content.Intent, android.os.UserHandle) 0">
    <annotation name="android.support.annotation.RequiresPermission" />
  </item>
  <item name="android.content.Context void sendBroadcastAsUser(android.content.Intent, android.os.UserHandle, java.lang.String) 0">
    <annotation name="android.support.annotation.RequiresPermission" />
  </item>
  <item name="android.content.Context void sendBroadcastAsUser(android.content.Intent, android.os.UserHandle, java.lang.String) 2">
    <annotation name="android.support.annotation.Nullable" />
  </item>
  <item name="android.content.Context void sendOrderedBroadcast(android.content.Intent, java.lang.String) 0">
    <annotation name="android.support.annotation.RequiresPermission" />
  </item>
  <item name="android.content.Context void sendOrderedBroadcast(android.content.Intent, java.lang.String) 1">
    <annotation name="android.support.annotation.Nullable" />
  </item>
  <item name="android.content.Context void sendOrderedBroadcast(android.content.Intent, java.lang.String, android.content.BroadcastReceiver, android.os.Handler, int, java.lang.String, android.os.Bundle) 0">
    <annotation name="android.support.annotation.RequiresPermission" />
    <annotation name="android.support.annotation.NonNull" />
  </item>
  <item name="android.content.Context void sendOrderedBroadcast(android.content.Intent, java.lang.String, android.content.BroadcastReceiver, android.os.Handler, int, java.lang.String, android.os.Bundle) 1">
    <annotation name="android.support.annotation.Nullable" />
  </item>
  <item name="android.content.Context void sendOrderedBroadcast(android.content.Intent, java.lang.String, android.content.BroadcastReceiver, android.os.Handler, int, java.lang.String, android.os.Bundle) 2">
    <annotation name="android.support.annotation.Nullable" />
  </item>
  <item name="android.content.Context void sendOrderedBroadcast(android.content.Intent, java.lang.String, android.content.BroadcastReceiver, android.os.Handler, int, java.lang.String, android.os.Bundle) 3">
    <annotation name="android.support.annotation.Nullable" />
  </item>
  <item name="android.content.Context void sendOrderedBroadcast(android.content.Intent, java.lang.String, android.content.BroadcastReceiver, android.os.Handler, int, java.lang.String, android.os.Bundle) 5">
    <annotation name="android.support.annotation.Nullable" />
  </item>
  <item name="android.content.Context void sendOrderedBroadcast(android.content.Intent, java.lang.String, android.content.BroadcastReceiver, android.os.Handler, int, java.lang.String, android.os.Bundle) 6">
    <annotation name="android.support.annotation.Nullable" />
  </item>
  <item name="android.content.Context void sendOrderedBroadcastAsUser(android.content.Intent, android.os.UserHandle, java.lang.String, android.content.BroadcastReceiver, android.os.Handler, int, java.lang.String, android.os.Bundle) 0">
    <annotation name="android.support.annotation.RequiresPermission" />
  </item>
  <item name="android.content.Context void sendOrderedBroadcastAsUser(android.content.Intent, android.os.UserHandle, java.lang.String, android.content.BroadcastReceiver, android.os.Handler, int, java.lang.String, android.os.Bundle) 2">
    <annotation name="android.support.annotation.Nullable" />
  </item>
  <item name="android.content.Context void sendOrderedBroadcastAsUser(android.content.Intent, android.os.UserHandle, java.lang.String, android.content.BroadcastReceiver, android.os.Handler, int, java.lang.String, android.os.Bundle) 4">
    <annotation name="android.support.annotation.Nullable" />
  </item>
  <item name="android.content.Context void sendOrderedBroadcastAsUser(android.content.Intent, android.os.UserHandle, java.lang.String, android.content.BroadcastReceiver, android.os.Handler, int, java.lang.String, android.os.Bundle) 6">
    <annotation name="android.support.annotation.Nullable" />
  </item>
  <item name="android.content.Context void sendOrderedBroadcastAsUser(android.content.Intent, android.os.UserHandle, java.lang.String, android.content.BroadcastReceiver, android.os.Handler, int, java.lang.String, android.os.Bundle) 7">
    <annotation name="android.support.annotation.Nullable" />
  </item>
  <item name="android.content.Context void sendStickyBroadcast(android.content.Intent) 0">
    <annotation name="android.support.annotation.RequiresPermission" />
  </item>
  <item name="android.content.Context void sendStickyBroadcastAsUser(android.content.Intent, android.os.UserHandle) 0">
    <annotation name="android.support.annotation.RequiresPermission" />
  </item>
  <item name="android.content.Context void sendStickyOrderedBroadcast(android.content.Intent, android.content.BroadcastReceiver, android.os.Handler, int, java.lang.String, android.os.Bundle) 0">
    <annotation name="android.support.annotation.RequiresPermission" />
  </item>
  <item name="android.content.Context void sendStickyOrderedBroadcast(android.content.Intent, android.content.BroadcastReceiver, android.os.Handler, int, java.lang.String, android.os.Bundle) 2">
    <annotation name="android.support.annotation.Nullable" />
  </item>
  <item name="android.content.Context void sendStickyOrderedBroadcast(android.content.Intent, android.content.BroadcastReceiver, android.os.Handler, int, java.lang.String, android.os.Bundle) 4">
    <annotation name="android.support.annotation.Nullable" />
  </item>
  <item name="android.content.Context void sendStickyOrderedBroadcast(android.content.Intent, android.content.BroadcastReceiver, android.os.Handler, int, java.lang.String, android.os.Bundle) 5">
    <annotation name="android.support.annotation.Nullable" />
  </item>
  <item name="android.content.Context void sendStickyOrderedBroadcastAsUser(android.content.Intent, android.os.UserHandle, android.content.BroadcastReceiver, android.os.Handler, int, java.lang.String, android.os.Bundle) 0">
    <annotation name="android.support.annotation.RequiresPermission" />
  </item>
  <item name="android.content.Context void sendStickyOrderedBroadcastAsUser(android.content.Intent, android.os.UserHandle, android.content.BroadcastReceiver, android.os.Handler, int, java.lang.String, android.os.Bundle) 3">
    <annotation name="android.support.annotation.Nullable" />
  </item>
  <item name="android.content.Context void sendStickyOrderedBroadcastAsUser(android.content.Intent, android.os.UserHandle, android.content.BroadcastReceiver, android.os.Handler, int, java.lang.String, android.os.Bundle) 5">
    <annotation name="android.support.annotation.Nullable" />
  </item>
  <item name="android.content.Context void sendStickyOrderedBroadcastAsUser(android.content.Intent, android.os.UserHandle, android.content.BroadcastReceiver, android.os.Handler, int, java.lang.String, android.os.Bundle) 6">
    <annotation name="android.support.annotation.Nullable" />
  </item>
  <item name="android.content.Context void setTheme(int) 0">
    <annotation name="android.support.annotation.StyleRes" />
  </item>
  <item name="android.content.Context void startActivities(android.content.Intent[]) 0">
    <annotation name="android.support.annotation.RequiresPermission" />
  </item>
  <item name="android.content.Context void startActivities(android.content.Intent[], android.os.Bundle) 0">
    <annotation name="android.support.annotation.RequiresPermission" />
  </item>
  <item name="android.content.Context void startActivity(android.content.Intent) 0">
    <annotation name="android.support.annotation.RequiresPermission" />
  </item>
  <item name="android.content.Context void startActivity(android.content.Intent, android.os.Bundle) 0">
    <annotation name="android.support.annotation.RequiresPermission" />
  </item>
  <item name="android.content.Context void startActivity(android.content.Intent, android.os.Bundle) 1">
    <annotation name="android.support.annotation.Nullable" />
  </item>
  <item name="android.content.Context void startIntentSender(android.content.IntentSender, android.content.Intent, int, int, int, android.os.Bundle) 1">
    <annotation name="android.support.annotation.Nullable" />
  </item>
  <item name="android.content.Context void unbindService(android.content.ServiceConnection) 0">
    <annotation name="android.support.annotation.NonNull" />
  </item>
  <item name="android.content.Intent ACTION_CALL">
    <annotation name="android.support.annotation.RequiresPermission">
      <val name="value" val="&quot;android.permission.CALL_PHONE&quot;" />
    </annotation>
  </item>
  <item name="android.content.Intent int fillIn(android.content.Intent, int)">
    <annotation name="android.support.annotation.IntDef">
      <val name="value" val="{android.content.Intent.FILL_IN_ACTION, android.content.Intent.FILL_IN_DATA, android.content.Intent.FILL_IN_CATEGORIES, android.content.Intent.FILL_IN_COMPONENT, android.content.Intent.FILL_IN_PACKAGE, android.content.Intent.FILL_IN_SOURCE_BOUNDS, android.content.Intent.FILL_IN_SELECTOR, android.content.Intent.FILL_IN_CLIP_DATA}" />
      <val name="flag" val="true" />
    </annotation>
  </item>
  <item name="android.content.Intent int fillIn(android.content.Intent, int) 1">
    <annotation name="android.support.annotation.IntDef">
      <val name="value" val="{android.content.Intent.FILL_IN_ACTION, android.content.Intent.FILL_IN_DATA, android.content.Intent.FILL_IN_CATEGORIES, android.content.Intent.FILL_IN_COMPONENT, android.content.Intent.FILL_IN_PACKAGE, android.content.Intent.FILL_IN_SOURCE_BOUNDS, android.content.Intent.FILL_IN_SELECTOR, android.content.Intent.FILL_IN_CLIP_DATA}" />
      <val name="flag" val="true" />
    </annotation>
  </item>
  <item name="android.content.Intent.ShortcutIconResource android.content.Intent.ShortcutIconResource fromContext(android.content.Context, int) 1">
    <annotation name="android.support.annotation.AnyRes" />
  </item>
  <item name="android.content.RestrictionEntry void setChoiceEntries(android.content.Context, int) 1">
    <annotation name="android.support.annotation.ArrayRes" />
  </item>
  <item name="android.content.RestrictionEntry void setChoiceValues(android.content.Context, int) 1">
    <annotation name="android.support.annotation.ArrayRes" />
  </item>
  <item name="android.content.SharedPreferences java.lang.String getString(java.lang.String, java.lang.String)">
    <annotation name="android.support.annotation.Nullable" />
    <annotation name="org.jetbrains.annotations.Contract">
      <val name="value" val="&quot;_,!null-&gt;!null&quot;" />
    </annotation>
  </item>
  <item name="android.content.SharedPreferences java.lang.String getString(java.lang.String, java.lang.String) 1">
    <annotation name="android.support.annotation.Nullable" />
  </item>
  <item name="android.content.SharedPreferences java.util.Set&lt;java.lang.String&gt; getStringSet(java.lang.String, java.util.Set&lt;java.lang.String&gt;)">
    <annotation name="android.support.annotation.Nullable" />
    <annotation name="org.jetbrains.annotations.Contract">
      <val name="value" val="&quot;_,!null-&gt;!null&quot;" />
    </annotation>
  </item>
  <item name="android.content.SharedPreferences java.util.Set&lt;java.lang.String&gt; getStringSet(java.lang.String, java.util.Set&lt;java.lang.String&gt;) 1">
    <annotation name="android.support.annotation.Nullable" />
  </item>
  <item name="android.content.SharedPreferences.Editor android.content.SharedPreferences.Editor putString(java.lang.String, java.lang.String) 1">
    <annotation name="android.support.annotation.Nullable" />
  </item>
  <item name="android.content.SharedPreferences.Editor android.content.SharedPreferences.Editor putStringSet(java.lang.String, java.util.Set&lt;java.lang.String&gt;) 1">
    <annotation name="android.support.annotation.Nullable" />
  </item>
</root>

