<?xml version="1.0" encoding="UTF-8"?>
<root>
  <item name="android.service.notification.Condition state">
    <annotation name="android.support.annotation.IntDef">
      <val name="value" val="{android.service.notification.Condition.STATE_FALSE, android.service.notification.Condition.STATE_TRUE, android.service.notification.Condition.STATE_TRUE, android.service.notification.Condition.STATE_ERROR}" />
    </annotation>
  </item>
  <item name="android.service.notification.NotificationListenerService.Ranking int getImportance()">
    <annotation name="android.support.annotation.IntDef">
      <val name="value" val="{android.app.NotificationManager.IMPORTANCE_UNSPECIFIED, android.app.NotificationManager.IMPORTANCE_NONE, android.app.NotificationManager.IMPORTANCE_MIN, android.app.NotificationManager.IMPORTANCE_LOW, android.app.NotificationManager.IMPORTANCE_DEFAULT, android.app.NotificationManager.IMPORTANCE_HIGH, android.app.NotificationManager.IMPORTANCE_MAX}" />
    </annotation>
  </item>
</root>

