<?xml version="1.0" encoding="UTF-8"?>
<root>
  <item name="android.hardware.camera2.params.OutputConfiguration OutputConfiguration(android.view.Surface) 0">
    <annotation name="android.support.annotation.NonNull" />
  </item>
  <item name="android.hardware.camera2.params.OutputConfiguration OutputConfiguration(int, android.view.Surface) 1">
    <annotation name="android.support.annotation.NonNull" />
  </item>
  <item name="android.hardware.camera2.params.OutputConfiguration android.view.Surface getSurface()">
    <annotation name="android.support.annotation.NonNull" />
  </item>
</root>

